<div align="justify">

# Simulacro de bbdd (2) ðŸ§ª: Consultas, Ãndices, Vistas, Funciones y Procedimientos:


## ðŸ§¾ Contexto

Como analista de datos en una universidad, se te ha encargado la explotaciÃ³n de una base de datos que permita gestionar estudiantes, profesores, cursos y matrÃ­culas. AdemÃ¡s, deberÃ¡s demostrar habilidades en consultas SQL, Ã­ndices, vistas, procedimientos y funciones. Si la base de datos no estuvira creada, a continuaciÃ³n tienes el [init.sql](docker-init/init.sql).

## Base de datos en docker

Crea una carpeta y aÃ±ade el fichero **docker-compose.yml** y el directorio **docker-init**.

Ejecuta a continuaciÃ³n el siguiente comando:

```sql
docker compose up -d 
```

Obtendrar una salida similar a la siguiente:

```console
 docker compose up -d   
[+] Running 2/2
 âœ” Container adminer_container  Started                                                                                                             0.9s 
 âœ” Container mysql_container    Started    
```

- Nota: En mi caso, se tiene la siguiente salida:

```
    ~/Escritorio/Simulacro 2 optimizacion BBDD$ docker compose up -d
    [+] Running 17/17
    âœ” adminer Pulled                                                                                                            19.2s 
      âœ” ff558be7c662 Pull complete                                                                                               0.8s 
      âœ” 6d69de2e680c Pull complete                                                                                               0.7s 
      âœ” f18232174bc9 Pull complete                                                                                               5.8s 
      âœ” 50ec51de1f97 Pull complete                                                                                               7.5s 
      âœ” 242d92ffbbee Pull complete                                                                                               9.9s 
      âœ” e0d926e2db98 Pull complete                                                                                              15.1s 
      âœ” 18d5f8d392c5 Pull complete                                                                                              14.8s 
      âœ” 7c8a48837489 Pull complete                                                                                               9.8s 
      âœ” 3d3d2bcfdcb3 Pull complete                                                                                               0.7s 
      âœ” 301ebbeca55b Pull complete                                                                                              15.3s 
      âœ” 10b042581e15 Pull complete                                                                                              15.7s 
      âœ” 393cec7dfd4d Pull complete                                                                                               1.8s 
      âœ” 2b8d18bfad49 Pull complete                                                                                              16.1s 
      âœ” 69f347299a47 Pull complete                                                                                               7.7s 
      âœ” a33c8191db14 Pull complete                                                                                               1.3s 
      âœ” 4f4fb700ef54 Pull complete                                                                                               0.1s 
    [+] Running 4/4
    âœ” Network simulacro2optimizacionbbdd_db-network               Created                                                        0.3s 
    âœ” Volume "simulacro2optimizacionbbdd_mysql_universidad_data"  Created                                                        0.1s 
    âœ” Container mysql_container                                   Started                                                        3.8s 
    âœ” Container adminer_container                                 Started 
```

A continuaciÃ³n ejecuta el siguiente comando e indica que el *password* es **bae**. Tras este paso se verifica que estÅ„ disponibles las bases de datos y se opta por usar la base de datos *universidad*:

```console
docker exec -it mysql_container mysql -u root -p
```
Se muestra la siguiente salida, tras ejecutar el comando:

```sql
  docker exec -it mysql_container mysql -u root -p
  Enter password:
  Welcome to the MySQL monitor.  Commands end with ; or \g.
  Your MySQL connection id is 2
  Server version: 5.7.44 MySQL Community Server (GPL)

  Copyright (c) 2000, 2023, Oracle and/or its affiliates.

  Oracle is a registered trademark of Oracle Corporation and/or its
  affiliates. Other names may be trademarks of their respective
  owners.

  Type 'help;' or '\h' for help. Type '\c' to clear the current input statement.

  mysql> SHOW DATABASES;
  +--------------------+
  | Database           |
  +--------------------+
  | information_schema |
  | bae                |
  | mysql              |
  | performance_schema |
  | sys                |
  | universidad        |
  +--------------------+
  6 rows in set (0.00 sec)

mysql> 

```

> **NOTA IMPORTANTE**: *Para salir de la consola se debe de ejecutar* ***exit***.


```console
use universidad;
Reading table information for completion of table and column names
You can turn off this feature to get a quicker startup with -A

Database changed
```

TambiÃ©n podemos acceder a travÃ©s del navegador. Para ello utilizaremos **Adminer** porque *simula la lÃ­nea de comandos, y nos ayuda a aprender*. Una vez que accedas a [http://localhost:8099](http://localhost:8099), Adminer te pedirÃ¡ los siguientes datos:

> Puedes consultar la documentaciÃ³n [aquÃ­](https://www.adminer.org/en/).

- **Sistema**: `MySQL`
- **Servidor**: `db`  
  *Es el nombre del servicio del contenedor MySQL dentro del mismo `docker-compose` (Adminer y MySQL estÃ¡n en la misma red `db-network`).*
- **Usuario**: `bae`
- **ContraseÃ±a**: `bae`

> ***Lee atentamente cada una de los puntos y cuestiones y realiza***.

## ðŸ”Ž Parte 1: Consultas SQL

### A. Consultas Simples

1. Mostrar todos los cursos disponibles.

```sql
    mysql> select * from cursos;
  +----+----------------------+-------------+----------+
  | id | nombre               | profesor_id | creditos |
  +----+----------------------+-------------+----------+
  |  1 | Ãlgebra Lineal      |           1 |        6 |
  |  2 | ProgramaciÃ³n I      |           2 |        5 |
  |  3 | MecÃ¡nica ClÃ¡sica   |           3 |        6 |
  |  4 | Estructuras de Datos |           2 |        5 |
  |  5 | CÃ¡lculo I           |           1 |        6 |
  +----+----------------------+-------------+----------+
  5 rows in set (0.00 sec)

mysql> 

```

2. Mostrar el nombre de todos los profesores.

```sql
    mysql> select nombre from profesores;
  +------------------+
  | nombre           |
  +------------------+
  | Dra. Ana Torres  |
  | Dr. Luis GÃ³mez  |
  | Dra. Marta DÃ­az |
  +------------------+
  3 rows in set (0.00 sec)

  mysql>

```

3. Listar todas las matrÃ­culas.

```sql

  mysql> select * from matriculas;
  +----+---------------+----------+------------+
  | id | estudiante_id | curso_id | fecha      |
  +----+---------------+----------+------------+
  |  1 |             1 |        1 | 2021-09-01 |
  |  2 |             2 |        2 | 2022-09-01 |
  |  3 |             3 |        3 | 2023-09-02 |
  |  4 |             4 |        4 | 2024-09-03 |
  |  5 |             1 |        5 | 2020-09-04 |
  |  6 |             2 |        4 | 2022-09-05 |
  |  7 |             3 |        1 | 2023-09-06 |
  |  8 |             4 |        2 | 2024-09-06 |
  +----+---------------+----------+------------+
  8 rows in set (0.00 sec)

  mysql> 
```

4. Ver los nombres y correos de los estudiantes.

```sql
    mysql> select e.nombre, e.email from estudiantes e;
  +-------------------+----------------+
  | nombre            | email          |
  +-------------------+----------------+
  | MarÃ­a LÃ³pez     | maria@uni.edu  |
  | Juan PÃ©rez       | juan@uni.edu   |
  | LucÃ­a FernÃ¡ndez | lucia@uni.edu  |
  | Carlos Ruiz       | carlos@uni.edu |
  +-------------------+----------------+
  4 rows in set (0.00 sec)

mysql> 

```

5. Ver los cursos y su nÃºmero de crÃ©ditos.

```sql
    mysql> select c.nombre, c.creditos from cursos c;
  +----------------------+----------+
  | nombre               | creditos |
  +----------------------+----------+
  | Ãlgebra Lineal      |        6 |
  | ProgramaciÃ³n I      |        5 |
  | MecÃ¡nica ClÃ¡sica   |        6 |
  | Estructuras de Datos |        5 |
  | CÃ¡lculo I           |        6 |
  +----------------------+----------+
  5 rows in set (0.00 sec)

  mysql> 
```
---

### B. Consultas con `WHERE`. Obligatorio utilizar **WHERE** donde se **combine dos o mÃ¡s tablas**

1. Obtener los cursos impartidos por profesores del departamento de InformÃ¡tica.

```sql
   mysql> SELECT c.nombre FROM cursos c, profesores p WHERE c.profesor_id = p.id   AND p.departamento = 'Informatica';
+----------------------+
| nombre               |
+----------------------+
| ProgramaciÃ³n I      |
| Estructuras de Datos |
+----------------------+
2 rows in set (0.01 sec)

mysql> 
```
- NOTA: esta consulta costÃ³ realizarla porque, desde el terminal, no podÃ­a poner el acento en "InformÃ¡tica" asÃ­ que tuve que modificarlo para usar 'Informatica'

2. Obtener los estudiantes que viven en Madrid.

```sql

  mysql> select e.ciudad, e.nombre from estudiantes e where ciudad = 'Madrid';
  +--------+---------------+
  | ciudad | nombre        |
  +--------+---------------+
  | Madrid | MarÃ­a LÃ³pez |
  +--------+---------------+
  1 row in set (0.01 sec)

  mysql> 

```

3. Mostrar los cursos con mÃ¡s de 5 crÃ©ditos.

```sql
  mysql> select c.nombre from cursos c where creditos > 5;
  +--------------------+
  | nombre             |
  +--------------------+
  | Ãlgebra Lineal    |
  | MecÃ¡nica ClÃ¡sica |
  | CÃ¡lculo I         |
  +--------------------+
  3 rows in set (0.00 sec)

  mysql> 

```

4. Ver las matrÃ­culas realizadas despuÃ©s del aÃ±o 2022.

```sql

  mysql> select m.fecha, m.id from matriculas m where date(m.fecha) > '2022-12-31';
  +------------+----+
  | fecha      | id |
  +------------+----+
  | 2023-09-02 |  3 |
  | 2024-09-03 |  4 |
  | 2023-09-06 |  7 |
  | 2024-09-06 |  8 |
  +------------+----+
  4 rows in set (0.00 sec)

  mysql> 


```

5. Ver los cursos impartidos por la profesora â€œDra. Ana Torresâ€.

```sql
      mysql> select c.nombre from cursos c where profesor_id = '1';
    +-----------------+
    | nombre          |
    +-----------------+
    | Ãlgebra Lineal |
    | CÃ¡lculo I      |
    +-----------------+
    2 rows in set (0.01 sec)

    mysql>
```

---

### C. Consultas con `JOIN`.  Obligatorio utilizar **JOIN** donde se **combine dos o mÃ¡s tablas**

> (Devuelven el mismo resultado que las anteriores, pero usando combinaciones de tablas)

1. Mostrar cursos impartidos por profesores del departamento de InformÃ¡tica.

```sql

    mysql> SELECT c.nombre FROM cursos c JOIN profesores p ON c.profesor_id = p.id  AND p.departamento = 'Informatica';
    +----------------------+
    | nombre               |
    +----------------------+
    | ProgramaciÃ³n I      |
    | Estructuras de Datos |
    +----------------------+
    2 rows in set (0.00 sec)

    mysql> 

```

2. Obtener estudiantes que viven en Madrid.

```sql
  mysql> SELECT e.ciudad, e.nombre FROM estudiantes e JOIN matriculas m ON e.id = m.estudiante_id AND e.ciudad = 'Madrid';
  +--------+---------------+
  | ciudad | nombre        |
  +--------+---------------+
  | Madrid | MarÃ­a LÃ³pez |
  | Madrid | MarÃ­a LÃ³pez |
  +--------+---------------+
  2 rows in set (0.00 sec)

    mysql> SELECT DISTINCT e.ciudad, e.nombre FROM estudiantes e JOIN matriculas m ON e.id = m.estudiante_id AND e.ciudad = 'Madrid';
  +--------+---------------+
  | ciudad | nombre        |
  +--------+---------------+
  | Madrid | MarÃ­a LÃ³pez |
  +--------+---------------+
  1 row in set (0.00 sec)

  mysql> 


  mysql>

```

3. Mostrar cursos con mÃ¡s de 5 crÃ©ditos.

```sql
    mysql> select c.nombre from cursos c JOIN profesores p ON c.profesor_id = p.id where c.creditos > 5;
    +--------------------+
    | nombre             |
    +--------------------+
    | Ãlgebra Lineal    |
    | MecÃ¡nica ClÃ¡sica |
    | CÃ¡lculo I         |
    +--------------------+
    3 rows in set (0.00 sec)

    mysql>

```

4. Listar matrÃ­culas realizadas despuÃ©s del aÃ±o 2022.

```sql

    mysql> select m.fecha, m.id from matriculas m JOIN cursos c ON m.curso_id = c.id AND date(m.fecha) > '2022-12-31';
    +------------+----+
    | fecha      | id |
    +------------+----+
    | 2023-09-02 |  3 |
    | 2024-09-03 |  4 |
    | 2023-09-06 |  7 |
    | 2024-09-06 |  8 |
    +------------+----+
    4 rows in set (0.00 sec)

    mysql> 
```

5. Mostrar los cursos impartidos por la profesora â€œDra. Ana Torresâ€.

```sql

  mysql> select c.nombre from cursos c JOIN profesores p ON c.profesor_id = p.id AND profesor_id = '1';
+-----------------+
| nombre          |
+-----------------+
| Ãlgebra Lineal |
| CÃ¡lculo I      |
+-----------------+
2 rows in set (0.00 sec)

mysql>

```
---

### D. Consultas con Subconsultas

> (Devuelven el mismo resultado que las anteriores, pero usando subconsultas)

1. Cursos impartidos por profesores del departamento de InformÃ¡tica.

```sql

    mysql> select nombre from cursos where profesor_id IN (select id from profesores where departamento = 'Informatica');
  +----------------------+
  | nombre               |
  +----------------------+
  | ProgramaciÃ³n I      |
  | Estructuras de Datos |
  +----------------------+
  2 rows in set (0.00 sec)

  mysql>

```

2. Estudiantes que viven en Madrid.

```sql
  mysql> select e.nombre from estudiantes e where id IN (select id from estudiantes where ciudad = 'Madrid');
  +---------------+
  | nombre        |
  +---------------+
  | MarÃ­a LÃ³pez |
  +---------------+
  1 row in set (0.01 sec)

  mysql> 

```

3. Cursos con mÃ¡s de 5 crÃ©ditos.

```sql
    mysql> select c.nombre from cursos c where creditos IN (select creditos from cursos where creditos > 5);
  +--------------------+
  | nombre             |
  +--------------------+
  | Ãlgebra Lineal    |
  | MecÃ¡nica ClÃ¡sica |
  | CÃ¡lculo I         |
  +--------------------+
  3 rows in set (0.00 sec)

  mysql>


```

4. MatrÃ­culas realizadas despuÃ©s del aÃ±o 2022.

```sql
    mysql> select m.fecha from matriculas m where fecha IN (select m.fecha from matriculas m where date(m.fecha) > '2022-12-31');
  +------------+
  | fecha      |
  +------------+
  | 2023-09-02 |
  | 2024-09-03 |
  | 2023-09-06 |
  | 2024-09-06 |
  +------------+
  4 rows in set (0.00 sec)

  mysql> 


```

5. Cursos impartidos por la profesora â€œDra. Ana Torresâ€.

```sql
    mysql> select c.nombre from cursos c where profesor_id IN (select id from profesores p where p.nombre = 'Dra. Ana Torres');
  +-----------------+
  | nombre          |
  +-----------------+
  | Ãlgebra Lineal |
  | CÃ¡lculo I      |
  +-----------------+
  2 rows in set (0.01 sec)

  mysql> 


```

---

## ðŸ“‚ Parte 2: Ãndices

1. Crear un Ã­ndice en la columna `ciudad` de la tabla `estudiantes`.

```sql

    mysql> create index idx_ciudad on estudiantes(ciudad);
    Query OK, 0 rows affected (0.10 sec)
    Records: 0  Duplicates: 0  Warnings: 0

    mysql> 

```

2. Crear un Ã­ndice en la columna `departamento` de la tabla `profesores`.

```sql

  mysql> create index idx_ciudad on estudiantes(ciudad);
  Query OK, 0 rows affected (0.10 sec)
  Records: 0  Duplicates: 0  Warnings: 0

  mysql> 

```

3. Consultar los Ã­ndices creados.

```sql
    mysql> show index from estudiantes;
  +-------------+------------+------------+--------------+-------------+-----------+-------------+----------+--------+------+------------+---------+---------------+
  | Table       | Non_unique | Key_name   | Seq_in_index | Column_name | Collation | Cardinality | Sub_part | Packed | Null | Index_type | Comment | Index_comment |
  +-------------+------------+------------+--------------+-------------+-----------+-------------+----------+--------+------+------------+---------+---------------+
  | estudiantes |          0 | PRIMARY    |            1 | id          | A         |           2 |     NULL | NULL   |      | BTREE      |         |               |
  | estudiantes |          1 | idx_ciudad |            1 | ciudad      | A         |           2 |     NULL | NULL   | YES  | BTREE      |         |               |
  +-------------+------------+------------+--------------+-------------+-----------+-------------+----------+--------+------+------------+---------+---------------+
  2 rows in set (0.00 sec)

  mysql>

  mysql> show index from profesores;
  +------------+------------+------------------+--------------+--------------+-----------+-------------+----------+--------+------+------------+---------+---------------+
  | Table      | Non_unique | Key_name         | Seq_in_index | Column_name  | Collation | Cardinality | Sub_part | Packed | Null | Index_type | Comment | Index_comment |
  +------------+------------+------------------+--------------+--------------+-----------+-------------+----------+--------+------+------------+---------+---------------+
  | profesores |          0 | PRIMARY          |            1 | id           | A         |           3 |     NULL | NULL   |      | BTREE      |         |               |
  | profesores |          1 | idx_departamento |            1 | departamento | A         |           3 |     NULL | NULL   | YES  | BTREE      |         |               |
  +------------+------------+------------------+--------------+--------------+-----------+-------------+----------+--------+------+------------+---------+---------------+
  2 rows in set (0.00 sec)

  mysql> 

```

4. Eliminar ambos Ã­ndices.

```sql

  mysql> drop index idx_ciudad on estudiantes;
  Query OK, 0 rows affected (0.06 sec)
  Records: 0  Duplicates: 0  Warnings: 0

  mysql> drop index idx_departamento on profesores;
  Query OK, 0 rows affected (0.05 sec)
  Records: 0  Duplicates: 0  Warnings: 0

  mysql> show index from estudiantes;
  +-------------+------------+----------+--------------+-------------+-----------+-------------+----------+--------+------+------------+---------+---------------+
  | Table       | Non_unique | Key_name | Seq_in_index | Column_name | Collation | Cardinality | Sub_part | Packed | Null | Index_type | Comment | Index_comment |
  +-------------+------------+----------+--------------+-------------+-----------+-------------+----------+--------+------+------------+---------+---------------+
  | estudiantes |          0 | PRIMARY  |            1 | id          | A         |           2 |     NULL | NULL   |      | BTREE      |         |               |
  +-------------+------------+----------+--------------+-------------+-----------+-------------+----------+--------+------+------------+---------+---------------+
  1 row in set (0.00 sec)

  mysql> show index from profesores;
  +------------+------------+----------+--------------+-------------+-----------+-------------+----------+--------+------+------------+---------+---------------+
  | Table      | Non_unique | Key_name | Seq_in_index | Column_name | Collation | Cardinality | Sub_part | Packed | Null | Index_type | Comment | Index_comment |
  +------------+------------+----------+--------------+-------------+-----------+-------------+----------+--------+------+------------+---------+---------------+
  | profesores |          0 | PRIMARY  |            1 | id          | A         |           3 |     NULL | NULL   |      | BTREE      |         |               |
  +------------+------------+----------+--------------+-------------+-----------+-------------+----------+--------+------+------------+---------+---------------+
  1 row in set (0.00 sec)

  mysql> 

```
---

## ðŸªž Parte 3: Vistas

1. Crear una vista llamada `vista_matriculas_completas` que muestre:
   - nombre del estudiante,
   - nombre del curso,
   - fecha de la matrÃ­cula.

2. Consultar datos desde la vista, mostrando el nombre del estudiante y la fecha de matrÃ­cula.
3. Eliminar la vista.

```sql

  mysql> create view vista_matriculas_completas AS select e.nombre AS estudiante, c.nombre AS curso, m.fecha from matriculas m JOIN estudiantes e ON m.estudiante_id = e.id JOIn cursos c ON m.curso_id = c.id;
  Query OK, 0 rows affected (0.04 sec)

  mysql> select estudiante, fecha from vista_matriculas_completas;
  +-------------------+------------+
  | estudiante        | fecha      |
  +-------------------+------------+
  | MarÃ­a LÃ³pez     | 2021-09-01 |
  | Juan PÃ©rez       | 2022-09-01 |
  | LucÃ­a FernÃ¡ndez | 2023-09-02 |
  | Carlos Ruiz       | 2024-09-03 |
  | MarÃ­a LÃ³pez     | 2020-09-04 |
  | Juan PÃ©rez       | 2022-09-05 |
  | LucÃ­a FernÃ¡ndez | 2023-09-06 |
  | Carlos Ruiz       | 2024-09-06 |
  +-------------------+------------+
  8 rows in set (0.00 sec)

  mysql> drop view vista_matriculas_completas;
  Query OK, 0 rows affected (0.00 sec)

  mysql> select estudiante, fecha from vista_matriculas_completas;
  ERROR 1146 (42S02): Table 'universidad.vista_matriculas_completas' doesn't exist
  mysql> 
```
---

## âš™ Parte 4: Procedimiento Almacenado

1. Crear un procedimiento llamado `cursos_por_profesor` que reciba el nombre del profesor como parÃ¡metro y devuelva los cursos que imparte y su nÃºmero de crÃ©ditos.

```sql

  mysql> DELIMITER //
  mysql> CREATE PROCEDURE cursos_por_profesor(IN profesor_nombre VARCHAR(50))
      -> BEGIN
      -> SELECT c.nombre, c.creditos
      -> FROM cursos c
      -> JOIN profesores p ON c.profesor_id = p.id 
      -> WHERE p.nombre = profesor_nombre;
      -> END //
  Query OK, 0 rows affected (0.01 sec)

  mysql> DELIMITER ;
  mysql> 
```

2. Ejecutar el procedimiento con el nombre â€œDr. Luis GÃ³mezâ€.

```sql
    mysql> CALL cursos_por_profesor('Dr. Luis Gomez');
```
-NOTA: existe un problema con el reconocimiento de la tilde de la manera que, al realizar la consulta la palabra 'GÃ³mez' queda escrita como 'Gmez' de manera que no se ejecuta el procedimiento que elaborÃ©.

3. Eliminar el procedimiento.

```sql
    mysql> drop procedure cursos_por_profesor;
    Query OK, 0 rows affected (0.01 sec)

    mysql> 
```

---

## ðŸ”¢ Parte 5: FunciÃ³n Definida por el Usuario

1. Crear una funciÃ³n llamada `total_creditos_estudiante` que reciba el ID de un estudiante y devuelva el total de crÃ©ditos que ha matriculado.

```sql
    mysql> DELIMITER //
    mysql> CREATE FUNCTION total_creditos_estudiante(estudiante_id INT) RETURNS INT
        -> DETERMINISTIC
        -> BEGIN
        -> DECLARE total_creditos INT;
        -> SELECT SUM(c.creditos) INTO total_creditos
        -> FROM matriculas m
        -> JOIN cursos c ON m.curso_id = c.id
        -> WHERE m.estudiante_id = estudiante_id;
        -> RETURN total_creditos;
        -> END //
    Query OK, 0 rows affected (0.01 sec)

    mysql> DELIMITER ;

```

2. Ejecutar la funciÃ³n para un estudiante especÃ­fico.

```sql
    mysql> select total_creditos_estudiante(3);
    +------------------------------+
    | total_creditos_estudiante(3) |
    +------------------------------+
    |                           12 |
    +------------------------------+
    1 row in set (0.00 sec)

    mysql> 

```

3. Eliminar la funciÃ³n.

```sql

    mysql> drop function total_creditos_estudiante;
    Query OK, 0 rows affected (0.01 sec)

    mysql> select total_creditos_estudiante(3);
    ERROR 1305 (42000): FUNCTION universidad.total_creditos_estudiante does not exist
    mysql>
    
```

</div>